{
    "description": "Billowing waves. Self-defending vortices.",
    "isMenu": true,

    "variants":[
      {"iMixing":[0.6253184943360147,-2.7028805880986937,0.5978661639970052,-0.08984698879441384,0.5471516936957532,-2.1680964332616632,-2.848677575280755,1.1556661191472368,0.39275787770724535],"kernel":{"center":[0.43783163345752835,0.7313280370607709,0.8873325896977718],"width":[-0.6713349588699461,-0.24563575242108032,0.1425287713840565]},"iGrowthCenter":[-0.2620906362215621,0.21362627807838963,1.1559417421601976],"iGrowthWidth":[0.01750075863244719,0.17079792057625331,-0.5861018471891731],"iOffset":[0,0],"iKernelOffset":[0,0]},
      {"iMixing":[0.6253184943360147,-2.7028805880986937,0.5978661639970052,-0.08984698879441384,0.6258059473738853,-2.1680964332616632,-2.848677575280755,1.129668816651721,0.39275787770724535],"kernel":{"center":[0.43783163345752835,0.7313280370607709,0.9326737055141392],"width":[-0.657834247046785,-0.3162939364646042,0.09528107587126725]},"iGrowthCenter":[-0.2620906362215621,0.21362627807838963,1.1559417421601976],"iGrowthWidth":[0.009256709807784825,0.17079792057625331,-0.5861018471891731],"iOffset":[0,0],"iKernelOffset":[0,0]},
      {"iMixing":[0.5220586547100854,-2.7028805880986937,0.6037134429593446,-0.17226620558178463,0.5263875547246475,-2.0963018511359324,-2.915149687402002,1.208693990699997,0.39275787770724535],"kernel":{"center":[0.5392630913681389,0.6092500231857365,0.7640938217328255],"width":[-0.657834247046785,-0.24451591538173195,-0.05990859642513528]},"iGrowthCenter":[-0.11949760654695742,0.20516352179742176,1.1166595657011038],"iGrowthWidth":[-0.0008189639418136989,0.17079792057625331,-0.6527126757594262],"iOffset":[0,0],"iKernelOffset":[0,0]}
    ],

    "winScore": null,
    "onLoad": "api.window([{tag:'button', onclick:change}], null, null);  function change() { Object.assign(level, level.variants[Math.random() * level.variants.length | 0]), api.write() }",

    "iColorMatrix": [
        1, 0, 0, 0,
      0.4, 1, 0, 0,
      0.1, 0, 1, 0,
        0, 0, 0, 1
    ],

    "width": 512, "height": 512,
    "iSlowdown": 5,
    "iMixing":[0.6253184943360147,-2.7028805880986937,0.5978661639970052,-0.08984698879441384,0.5471516936957532,-2.1680964332616632,-2.848677575280755,1.1556661191472368,0.39275787770724535],"kernel":{"center":[0.43783163345752835,0.7313280370607709,0.8873325896977718],"width":[-0.6713349588699461,-0.24563575242108032,0.1425287713840565]},"iGrowthCenter":[-0.2620906362215621,0.21362627807838963,1.1559417421601976],"iGrowthWidth":[0.01750075863244719,0.17079792057625331,-0.5861018471891731],"iOffset":[0,0],"iKernelOffset":[0,0],

    "actors": {
      "title": {"pos":[0.5, 0.75], "emitRadius": 10, "emit":"green", "emittance":{"Bhealth":0.1}, "speed":{"Bspeed":0.99, "Bg":-0.0003, "Bb":0.001}, "dhealth":{"Bg":-50}},
      "levels": {"pos":[0.5, 0.25, 0, 0], "emitRadius": 50, "emit":"green", "emittance":{"B1":-100, "Bhealth":100, "Br":50}, "dhealth":{"B1":-0.1, "Bhealth":0.1, "Br":-1}}
    }
}