{
    "description": "Green pockets eaten away by blue borders, but reemerging when dead, forming a labyrinth of evershifting wrinkles.",
    "isMenu": true,

    "n":0,
    "variants":[
      {"iMixing":[0.723504967929248,-2.8860110392951626,0.9572799434247027,0.017108790603643124,0.3795450784761102,-2.0159609555768965,-3.12726404216436,0.7351985140080946,0.37312610788014233],"kernel":{"center":[0.7882420688125703,0.13837542565165895,0.3620058359831343],"width":[0.5321801438025595,-0.5269081115847845,0.3318228262310547]},"iGrowthCenter":[0.40337547397101037,0.20772323188722538,0.3398194919110109],"iGrowthWidth":[-0.16839091447410132,0.1728616224310653,-0.03556399353485675],"iOffset":[0,0],"iKernelOffset":[0,0]},
      {"iMixing":[0.723504967929248,-2.8860110392951626,0.8605802586696364,0.017108790603643124,0.3795450784761102,-2.0159609555768965,-3.12726404216436,0.7351985140080946,0.37312610788014233],"kernel":{"center":[0.6944846174799577,0.13837542565165895,0.3620058359831343],"width":[0.43454727675194355,-0.5269081115847845,0.29303972804713907]},"iGrowthCenter":[0.40337547397101037,0.20772323188722538,0.3398194919110109],"iGrowthWidth":[-0.16839091447410132,0.1728616224310653,-0.044049322935480986],"iOffset":[0,0],"iKernelOffset":[0,0]}
    ],

    "winScore": null,
    "onLoad": "api.window([{tag:'button', onclick:change}], null, null);  function change() { Object.assign(level, level.variants[level.n = (level.n+1) % level.variants.length]), api.write() }",

    "iColorMatrix": [
        1, 0, 0, 0,
      0.4, 1, 0, 0,
      0.1, 0, 1, 0,
        0, 0, 0, 1
    ],

    "width": 512, "height": 512,
    "iSlowdown": 5,
    "iMixing":[0.723504967929248,-2.8860110392951626,0.9572799434247027,0.017108790603643124,0.3795450784761102,-2.0159609555768965,-3.12726404216436,0.7351985140080946,0.37312610788014233],"kernel":{"center":[0.7882420688125703,0.13837542565165895,0.3620058359831343],"width":[0.5321801438025595,-0.5269081115847845,0.3318228262310547]},"iGrowthCenter":[0.40337547397101037,0.20772323188722538,0.3398194919110109],"iGrowthWidth":[-0.16839091447410132,0.1728616224310653,-0.03556399353485675],"iOffset":[0,0],"iKernelOffset":[0,0],

    "actors": {
      "title": {"pos":[0.5, 0.75], "emitRadius": 10, "emit":"green", "emittance":{"Bhealth":0.1}, "speed":{"Bspeed":0.99, "Bg":-0.0003, "Bb":0.001}, "dhealth":{"Bg":-50}},
      "pointer1": {"pos":[0.5, 0.5], "emitRadius":16, "emit":"blue", "emittance":1, "speed":{"Bspeed":0.93, "Bmouse":0.01}},
      "pointer2": {"pos":[0.5, 0.5], "emitRadius":16, "emit":"blue", "emittance":1, "speed":{"Bspeed":0.93, "Btarget":0.01}, "target":"pointer1"},
      "levels": {"pos":[0.5, 0.25, 0, 0]}
    }
}